,symbol,MarketCap
0,24CS.BK,698400000.0
1,2S.BK,1517988864.0
2,3K-BAT.BK,
3,A.BK,4743200256.0
4,A5.BK,2214639872.0
5,AAI.BK,10809270272.0
6,AAV.BK,17732999168.0
7,ABM.BK,602144768.0
8,ACAP.BK,134115688.0
9,ACC.BK,846150272.0
10,ACE.BK,12679615488.0
11,ACG.BK,420000000.0
12,ADB.BK,529979968.0
13,ADD.BK,554400000.0
14,ADVANC.BK,883340279808.0
15,ADVICE.BK,3658000128.0
16,AE.BK,617168576.0
17,AEONTS.BK,28968738816.0
18,AF.BK,752000000.0
19,AFC.BK,179562608.0
20,AGE.BK,1519584640.0
21,AH.BK,4738832896.0
22,AHC.BK,2083734912.0
23,AI.BK,2379996928.0
24,AIE.BK,1646976640.0
25,AIMCG.BK,576000000.0
26,AIMIRT.BK,8152451072.0
27,AIRA.BK,6693770752.0
28,AIT.BK,7651350016.0
29,AJ.BK,1491245440.0
30,AJA.BK,858326272.0
31,AKP.BK,286840000.0
32,AKR.BK,1427740800.0
33,AKS.BK,122198992.0
34,ALLA.BK,714000064.0
35,ALLY.BK,4195680000.0
36,ALPHAX.BK,3624025856.0
37,ALT.BK,1482955776.0
38,ALUCON.BK,8121596928.0
39,AMA.BK,2227042304.0
40,AMANAH.BK,1231486720.0
41,AMARC.BK,1646400000.0
42,AMARIN.BK,1707061632.0
43,AMATA.BK,20240001024.0
44,AMATAR.BK,2326284800.0
45,AMATAV.BK,2579473920.0
46,AMC.BK,1056211840.0
47,AMR.BK,324890528.0
48,ANAN.BK,2208115200.0
49,ANI.BK,5950560256.0
50,AOT.BK,564285145088.0
51,AP.BK,27526621184.0
52,APCO.BK,2016000000.0
53,APCS.BK,930599808.0
54,APEX.BK,
55,APO.BK,646000000.0
56,APP.BK,677600000.0
57,APURE.BK,2919221504.0
58,AQUA.BK,1028242368.0
59,ARIN.BK,546000000.0
60,ARIP.BK,233000000.0
61,ARROW.BK,1361553536.0
62,AS.BK,1347966208.0
63,ASAP.BK,878460032.0
64,ASEFA.BK,1931787392.0
65,ASIA.BK,1744000000.0
66,ASIAN.BK,6009790976.0
67,ASIMAR.BK,402934080.0
68,ASK.BK,5771088384.0
69,ASN.BK,190943952.0
70,ASP.BK,5651900416.0
71,ASW.BK,4948595200.0
72,ATP30.BK,648194560.0
73,AU.BK,5179209728.0
74,AUCT.BK,3492499968.0
75,AURA.BK,19076200448.0
76,AWC.BK,79392169984.0
77,AYUD.BK,12845809664.0
78,B-WORK.BK,1504704000.0
79,B.BK,403700448.0
80,B52.BK,533327904.0
81,BA.BK,28980000768.0
82,BAFS.BK,6502458880.0
83,BAM.BK,26664347648.0
84,BANPU.BK,50595463168.0
85,BAREIT.BK,10330000384.0
86,BAY.BK,175067119616.0
87,BBGI.BK,4482599936.0
88,BBIK.BK,4400340480.0
89,BBL.BK,282508754944.0
90,BC.BK,547696832.0
91,BCH.BK,33669001216.0
92,BCP.BK,44061540352.0
93,BCPG.BK,24415436800.0
94,BCT.BK,13875000320.0
95,BDMS.BK,333732052992.0
96,BE8.BK,1747080320.0
97,BEAUTY.BK,1916283776.0
98,BEC.BK,4520000000.0
99,BEM.BK,79382749184.0
100,BEYOND.BK,2015977600.0
101,BGC.BK,3388887040.0
102,BGRIM.BK,35453841408.0
103,BGT.BK,167219200.0
104,BH.BK,144286023680.0
105,BIG.BK,1340973952.0
106,BIOTEC.BK,763339584.0
107,BIS.BK,835240000.0
108,BIZ.BK,2246748928.0
109,BJC.BK,82961391616.0
110,BJCHI.BK,1352605056.0
111,BKD.BK,1237641472.0
112,BKGI.BK,1026000000.0
113,BKIH.BK,31629375488.0
114,BKKCP.BK,889999936.0
115,BLA.BK,32956020736.0
116,BLAND.BK,9023365120.0
117,BLC.BK,2688000000.0
118,BLESS.BK,248000000.0
119,BLISS.BK,996244800.0
120,BM.BK,1048356160.0
121,BOFFICE.BK,3689360384.0
122,BOL.BK,5046108672.0
123,BPP.BK,25600946176.0
124,BPS.BK,216000016.0
125,BR.BK,1644203648.0
126,BRI.BK,2993614592.0
127,BROCK.BK,1517000320.0
128,BRR.BK,3378337280.0
129,BSBM.BK,784822528.0
130,BSM.BK,119308352.0
131,BSRC.BK,16058381312.0
132,BTC.BK,3888295424.0
133,BTG.BK,35793801216.0
134,BTNC.BK,144000000.0
135,BTS.BK,53431427072.0
136,BTW.BK,105840000.0
137,BUI.BK,659973120.0
138,BVG.BK,855000000.0
139,BWG.BK,1566326272.0
140,BYD.BK,3230589696.0
141,CAZ.BK,658560000.0
142,CBG.BK,56249999360.0
143,CCET.BK,62700019712.0
144,CCP.BK,885769664.0
145,CEN.BK,901645952.0
146,CENTEL.BK,46912499712.0
147,CEYE.BK,521928096.0
148,CFARM.BK,504882816.0
149,CFRESH.BK,982724864.0
150,CGD.BK,991935424.0
151,CGH.BK,2491469312.0
152,CH.BK,1512000000.0
153,CHAO.BK,1379632000.0
154,CHARAN.BK,168000000.0
155,CHASE.BK,1390398592.0
156,CHAYO.BK,2331225600.0
157,CHEWA.BK,420759552.0
158,CHG.BK,18700001280.0
159,CHIC.BK,530399968.0
160,CHO.BK,76522088.0
161,CHOTI.BK,481875008.0
162,CHOW.BK,1080000000.0
163,CI.BK,394737024.0
164,CIG.BK,149463200.0
165,CIMBT.BK,12884237312.0
166,CITY.BK,519000000.0
167,CIVIL.BK,770000000.0
168,CK.BK,29406224384.0
169,CKP.BK,23900385280.0
170,CM.BK,651759232.0
171,CMAN.BK,2400000000.0
172,CMC.BK,628261440.0
173,CMO.BK,238657920.0
174,CMR.BK,6025265152.0
175,CNT.BK,1151252608.0
176,COCOCO.BK,12053999616.0
177,COLOR.BK,600744320.0
178,COM7.BK,60052455424.0
179,COMAN.BK,92074216.0
180,CPALL.BK,435457589248.0
181,CPANEL.BK,391628608.0
182,CPAXT.BK,236707921920.0
183,CPF.BK,178876432384.0
184,CPH.BK,392000000.0
185,CPI.BK,2037463552.0
186,CPL.BK,426648960.0
187,CPN.BK,258059993088.0
188,CPNCG.BK,2645161728.0
189,CPNREIT.BK,43814993920.0
190,CPR.BK,676554368.0
191,CPT.BK,900000000.0
192,CPTGF.BK,4931699712.0
193,CPW.BK,1332000000.0
194,CRANE.BK,348766496.0
195,CRC.BK,148362608640.0
196,CRD.BK,200000000.0
197,CREDIT.BK,21115750400.0
198,CSC.BK,2366035200.0
199,CSP.BK,258007776.0
200,CSR.BK,1486249984.0
201,CSS.BK,975863488.0
202,CTARAF.BK,1472000000.0
203,CTW.BK,1122095616.0
204,CV.BK,25647054.0
205,CWT.BK,730935104.0
206,D.BK,958147648.0
207,DCC.BK,12887367680.0
208,DCON.BK,1454311936.0
209,DDD.BK,2135515136.0
210,DELTA.BK,2026995056640.0
211,DEMCO.BK,2763601408.0
212,DEXON.BK,619449984.0
213,DHOUSE.BK,389866688.0
214,DIMET.BK,215280192.0
215,DITTO.BK,9645399040.0
216,DMT.BK,11812327424.0
217,DOD.BK,900828544.0
218,DOHOME.BK,14548131840.0
219,DPAINT.BK,197800000.0
220,DREIT.BK,3486350336.0
221,DRT.BK,4466182144.0
222,DTCENT.BK,1249985664.0
223,DTCI.BK,250000000.0
224,DUSIT.BK,13017389056.0
225,DV8.BK,9974889472.0
226,EA.BK,27330627584.0
227,EASON.BK,664539072.0
228,EASTW.BK,5323920896.0
229,ECF.BK,377813312.0
230,ECL.BK,
231,EE.BK,
232,EFORL.BK,759710656.0
233,EGCO.BK,61596405760.0
234,EKH.BK,4440000000.0
235,EMC.BK,502825312.0
236,EP.BK,1193609088.0
237,EPG.BK,9296000000.0
238,ERW.BK,13878879232.0
239,ESTAR.BK,954226816.0
240,ETC.BK,1635200000.0
241,ETE.BK,420000000.0
242,ETL.BK,520799968.0
243,EURO.BK,1244400000.0
244,EVER.BK,242739328.0
245,F&D.BK,1004585088.0
246,FANCY.BK,265421216.0
247,FE.BK,1558259968.0
248,FLOYD.BK,511109312.0
249,FM.BK,3911798272.0
250,FMT.BK,1248000000.0
251,FN.BK,540000000.0
252,FNS.BK,450585952.0
253,FORTH.BK,8090991104.0
254,FPI.BK,2390587392.0
255,FPT.BK,15539155968.0
256,FSMART.BK,6138101248.0
257,FSX.BK,1241789696.0
258,FTE.BK,1181399808.0
259,FTI.BK,891000000.0
260,FTREIT.BK,33818888192.0
261,FUTUREPF.BK,6619575296.0
262,FVC.BK,271268608.0
263,GABLE.BK,2142065536.0
264,GAHREIT.BK,895049984.0
265,GBX.BK,566319680.0
266,GC.BK,1768799488.0
267,GCAP.BK,233015856.0
268,GEL.BK,344481952.0
269,GENCO.BK,321525568.0
270,GFC.BK,774400000.0
271,GFPT.BK,12914357248.0
272,GGC.BK,3951353344.0
273,GIFT.BK,
274,GJS.BK,3568198912.0
275,GL.BK,
276,GLAND.BK,4809873920.0
277,GLOBAL.BK,46456561664.0
278,GLOCON.BK,686808000.0
279,GLORY.BK,297531424.0
280,GPI.BK,954000000.0
281,GPSC.BK,112084246528.0
282,GRAMMY.BK,3788167680.0
283,GRAND.BK,467056032.0
284,GREEN.BK,662600000.0
285,GROREIT.BK,2535750144.0
286,GSC.BK,
287,GSTEEL.BK,2603592192.0
288,GTB.BK,672000000.0
289,GTV.BK,1181786112.0
290,GULF.BK,683497553920.0
291,GUNKUL.BK,17375254528.0
292,GVREIT.BK,5336940032.0
293,GYT.BK,1417100032.0
294,HANA.BK,22798190592.0
295,HARN.BK,1163154944.0
296,HEALTH.BK,169072208.0
297,HENG.BK,4533900288.0
298,HFT.BK,2818098944.0
299,HL.BK,2051872000.0
300,HMPRO.BK,102491455488.0
301,HPF.BK,2340600064.0
302,HPT.BK,251590160.0
303,HTC.BK,6028814848.0
304,HTECH.BK,810000960.0
305,HUMAN.BK,5644306944.0
306,HYDRO.BK,1398610560.0
307,HYDROGEN.BK,1817549952.0
308,I2.BK,344400000.0
309,ICC.BK,12499999744.0
310,ICHI.BK,16510000128.0
311,ICN.BK,1384526848.0
312,IFS.BK,1085699968.0
313,IHL.BK,954417088.0
314,IIG.BK,230714256.0
315,III.BK,3827228672.0
316,ILINK.BK,2718161664.0
317,ILM.BK,7322500096.0
318,IMH.BK,1019107776.0
319,IMPACT.BK,15121499136.0
320,IND.BK,451500000.0
321,INET.BK,2398895872.0
322,INETREIT.BK,5498788352.0
323,INGRS.BK,448552256.0
324,INOX.BK,3274197760.0
325,INSET.BK,1471119232.0
326,INSURE.BK,924000000.0
327,INTUCH.BK,
328,IP.BK,2263988224.0
329,IRC.BK,2171947008.0
330,IRCP.BK,255627376.0
331,IRPC.BK,26125555712.0
332,IT.BK,1494907264.0
333,ITC.BK,47099998208.0
334,ITD.BK,2164746240.0
335,ITEL.BK,2209247744.0
336,ITNS.BK,319769984.0
337,ITTHI.BK,410704000.0
338,IVL.BK,130819055616.0
339,J.BK,1358479744.0
340,JAK.BK,252800000.0
341,JAS.BK,12438105088.0
342,JCK.BK,608439552.0
343,JCKH.BK,51469000.0
344,JCT.BK,1076625024.0
345,JDF.BK,990000000.0
346,JKN.BK,319825728.0
347,JMART.BK,14786113536.0
348,JMT.BK,18830639104.0
349,JPARK.BK,1728000128.0
350,JR.BK,1383200000.0
351,JSP.BK,868472128.0
352,JTS.BK,23842932736.0
353,JUBILE.BK,1254766464.0
354,K.BK,596145856.0
355,KAMART.BK,11079892992.0
356,KASET.BK,194600000.0
357,KBANK.BK,387385065472.0
358,KBS.BK,3470333696.0
359,KC.BK,99806040.0
360,KCAR.BK,1437500032.0
361,KCC.BK,1780802944.0
362,KCE.BK,30143258624.0
363,KCG.BK,4904999936.0
364,KCM.BK,156400000.0
365,KDH.BK,1647656960.0
366,KEX.BK,5222405632.0
367,KGEN.BK,1404753280.0
368,KGI.BK,8006887424.0
369,KIAT.BK,948816960.0
370,KISS.BK,1780297856.0
371,KJL.BK,1507985664.0
372,KK.BK,301874944.0
373,KKC.BK,60000000.0
374,KKP.BK,48267649024.0
375,KLINIQ.BK,6489999872.0
376,KOOL.BK,657107392.0
377,KPNPF.BK,406800000.0
378,KSL.BK,6218427904.0
379,KTB.BK,356389552128.0
380,KTBSTMR.BK,1688400000.0
381,KTC.BK,79283765248.0
382,KTIS.BK,8028799488.0
383,KTMS.BK,600000000.0
384,KUMWEL.BK,490200000.0
385,KUN.BK,721058112.0
386,KWC.BK,1620000000.0
387,KWI.BK,116058992.0
388,KWM.BK,498316416.0
389,KYE.BK,5761800192.0
390,L&E.BK,546164416.0
391,LALIN.BK,4717496832.0
392,LANNA.BK,8347494912.0
393,LDC.BK,246000000.0
394,LEE.BK,2356056576.0
395,LEO.BK,655325184.0
396,LH.BK,53534715904.0
397,LHFG.BK,16099580928.0
398,LHHOTEL.BK,13111499776.0
399,LHK.BK,1363479936.0
400,LHPF.BK,1716000000.0
401,LHSC.BK,9492388864.0
402,LIT.BK,385350176.0
403,LOXLEY.BK,3895722496.0
404,LPF.BK,26411264000.0
405,LPH.BK,3052799744.0
406,LPN.BK,2522471936.0
407,LRH.BK,5625541120.0
408,LST.BK,3870399744.0
409,LTS.BK,1150052096.0
410,LUXF.BK,1709549952.0
411,M-CHAI.BK,3200000000.0
412,M-II.BK,1040600064.0
413,M-PAT.BK,
414,M-STOR.BK,431680000.0
415,M.BK,28464285696.0
416,MAGURO.BK,2671200000.0
417,MAJOR.BK,6214929920.0
418,MALEE.BK,3465393408.0
419,MANRIN.BK,686092800.0
420,MASTER.BK,4223964416.0
421,MATCH.BK,961403392.0
422,MATI.BK,722861056.0
423,MBAX.BK,282264160.0
424,MBK.BK,25017014272.0
425,MC.BK,8949600256.0
426,MCA.BK,296700000.0
427,MCOT.BK,2610977024.0
428,MCS.BK,4006799872.0
429,MDX.BK,1255565952.0
430,MEB.BK,5369999872.0
431,MEGA.BK,27463888896.0
432,MENA.BK,704640000.0
433,META.BK,214864368.0
434,METCO.BK,4639355904.0
435,MFC.BK,3266008576.0
436,MFEC.BK,2317631232.0
437,MGC.BK,3388999680.0
438,MGI.BK,2078999936.0
439,MGT.BK,688000000.0
440,MICRO.BK,944350016.0
441,MIDA.BK,726188480.0
442,MILL.BK,634096320.0
443,MINT.BK,138914430976.0
444,MIPF.BK,1880999936.0
445,MIT.BK,
446,MITSIB.BK,768677760.0
447,MJD.BK,447414208.0
448,MJLF.BK,1458600064.0
449,MK.BK,939977216.0
450,ML.BK,489806944.0
451,MNIT.BK,266340000.0
452,MNIT2.BK,676200000.0
453,MNRF.BK,225749984.0
454,MODERN.BK,1458000000.0
455,MONO.BK,5033028608.0
456,MOONG.BK,632925440.0
457,MORE.BK,358837440.0
458,MOSHI.BK,13529998336.0
459,MSC.BK,2808000000.0
460,MST.BK,4052783104.0
461,MTC.BK,91160002560.0
462,MTI.BK,10325000192.0
463,MTW.BK,1019941184.0
464,MUD.BK,1032319040.0
465,MVP.BK,215845952.0
466,NAM.BK,2954269184.0
467,NAT.BK,1024676160.0
468,NATION.BK,488156448.0
469,NC.BK,356849760.0
470,NCAP.BK,4455000064.0
471,NCH.BK,684906048.0
472,NCL.BK,160443184.0
473,NCP.BK,212399984.0
474,NDR.BK,575683456.0
475,NEO.BK,6810000384.0
476,NEP.BK,581345152.0
477,NER.BK,8130274816.0
478,NETBAY.BK,4659999744.0
479,NEW.BK,962499968.0
480,NEWS.BK,3672897536.0
481,NEX.BK,8684628992.0
482,NFC.BK,1338034688.0
483,NKI.BK,767600000.0
484,NL.BK,405000000.0
485,NNCL.BK,3072382208.0
486,NOBLE.BK,3067486464.0
487,NOK.BK,633962304.0
488,NOVA.BK,1105835136.0
489,NPK.BK,131000000.0
490,NRF.BK,878947584.0
491,NSL.BK,9224999936.0
492,NTSC.BK,813331264.0
493,NTV.BK,4000000000.0
494,NUSA.BK,
495,NV.BK,524145568.0
496,NVD.BK,1745518464.0
497,NWR.BK,103419256.0
498,NYT.BK,3695200000.0
499,OCC.BK,585000000.0
500,OGC.BK,223972512.0
501,OHTL.BK,4891687424.0
502,ONEE.BK,5619749888.0
503,OR.BK,169200009216.0
504,ORI.BK,7558696960.0
505,ORN.BK,1095000064.0
506,OSP.BK,57071247360.0
507,PACO.BK,1410000000.0
508,PAF.BK,507600000.0
509,PANEL.BK,256500000.0
510,PAP.BK,1359600000.0
511,PATO.BK,1181687680.0
512,PB.BK,22499999744.0
513,PCC.BK,3262807040.0
514,PCE.BK,6820000256.0
515,PCSGH.BK,4552999936.0
516,PDG.BK,819719808.0
517,PDJ.BK,782665984.0
518,PEACE.BK,1038235136.0
519,PEER.BK,158238976.0
520,PERM.BK,275997152.0
521,PF.BK,800886464.0
522,PG.BK,720000000.0
523,PHG.BK,4380000256.0
524,PHOL.BK,567000640.0
525,PICO.BK,865484096.0
526,PIMO.BK,850096704.0
527,PIN.BK,5312799744.0
528,PJW.BK,1227764480.0
529,PK.BK,317661344.0
530,PL.BK,811253376.0
531,PLANB.BK,22817386496.0
532,PLANET.BK,1041676800.0
533,PLAT.BK,3780000000.0
534,PLE.BK,417624192.0
535,PLT.BK,614400000.0
536,PLUS.BK,2010000000.0
537,PM.BK,6697440256.0
538,PMC.BK,407738912.0
539,PMTA.BK,1032240000.0
540,POLAR.BK,474595968.0
541,POLY.BK,3195000064.0
542,POPF.BK,3034325760.0
543,PORT.BK,479690144.0
544,PPM.BK,658321088.0
545,PPP.BK,351000000.0
546,PPPM.BK,331745216.0
547,PPS.BK,232160912.0
548,PQS.BK,1393600000.0
549,PR9.BK,18084900864.0
550,PRAKIT.BK,664952896.0
551,PRAPAT.BK,393626464.0
552,PREB.BK,1123582336.0
553,PRECHA.BK,248640000.0
554,PRG.BK,6599772160.0
555,PRI.BK,1648000000.0
556,PRIME.BK,340358848.0
557,PRIN.BK,1830017664.0
558,PRINC.BK,7617141248.0
559,PRM.BK,14521110528.0
560,PRO.BK,162007200.0
561,PROEN.BK,596703424.0
562,PROS.BK,347474720.0
563,PROSPECT.BK,4669000192.0
564,PROUD.BK,1042195072.0
565,PRTR.BK,2160000000.0
566,PSG.BK,18847805440.0
567,PSH.BK,10200739840.0
568,PSL.BK,10615636992.0
569,PSP.BK,7000000000.0
570,PSTC.BK,1420518144.0
571,PT.BK,3406667776.0
572,PTC.BK,356700000.0
573,PTECH.BK,348941664.0
574,PTG.BK,15029999616.0
575,PTL.BK,8954999808.0
576,PTT.BK,942016888832.0
577,PTTEP.BK,460518293504.0
578,PTTGC.BK,125120561152.0
579,PYLON.BK,1619726592.0
580,Q-CON.BK,2820000000.0
581,QH.BK,15535709184.0
582,QHHRREIT.BK,2083199872.0
583,QHOP.BK,593029952.0
584,QHPF.BK,3682139904.0
585,QLT.BK,218822048.0
586,QTC.BK,1275686144.0
587,QTCG.BK,120000000.0
588,RABBIT.BK,2844026368.0
589,RAM.BK,21359998976.0
590,RATCH.BK,58181251072.0
591,RBF.BK,8180141568.0
592,RCL.BK,22997813248.0
593,READY.BK,369599904.0
594,RICHY.BK,455930400.0
595,RJH.BK,3932611840.0
596,RML.BK,927235328.0
597,ROCK.BK,199000000.0
598,ROCTEC.BK,6575561216.0
599,ROH.BK,1136089856.0
600,ROJNA.BK,10102308864.0
601,RP.BK,178722336.0
602,RPC.BK,456632416.0
603,RPH.BK,2641426944.0
604,RS.BK,611021056.0
605,RSP.BK,906460032.0
606,RT.BK,457980256.0
607,RWI.BK,265430336.0
608,S&J.BK,
609,S.BK,4249306112.0
610,S11.BK,2108720000.0
611,SA.BK,8632151040.0
612,SAAM.BK,1775200000.0
613,SABINA.BK,5629500416.0
614,SABUY.BK,
615,SAF.BK,126000000.0
616,SAFARI.BK,
617,SAFE.BK,2294806016.0
618,SAK.BK,8509760000.0
619,SALEE.BK,608193664.0
620,SAM.BK,188122528.0
621,SAMART.BK,6190000640.0
622,SAMCO.BK,532694368.0
623,SAMTEL.BK,3028200448.0
624,SANKO.BK,297662496.0
625,SAPPE.BK,10463624192.0
626,SAT.BK,5782637056.0
627,SAUCE.BK,13589999616.0
628,SAV.BK,8937954304.0
629,SAWAD.BK,49014456320.0
630,SAWANG.BK,177600000.0
631,SBNEXT.BK,
632,SC.BK,8896707584.0
633,SCAP.BK,9679791104.0
634,SCB.BK,424255520768.0
635,SCC.BK,276000014336.0
636,SCCC.BK,44849000448.0
637,SCG.BK,2885965056.0
638,SCGD.BK,8332500480.0
639,SCGP.BK,82424070144.0
640,SCI.BK,937500032.0
641,SCL.BK,335000000.0
642,SCM.BK,178890848.0
643,SCN.BK,655409344.0
644,SCP.BK,2173709824.0
645,SDC.BK,1725818496.0
646,SE-ED.BK,744694400.0
647,SE.BK,332930656.0
648,SEAFCO.BK,1659916160.0
649,SEAOIL.BK,2024809984.0
650,SECURE.BK,1304810624.0
651,SELIC.BK,1600752896.0
652,SENA.BK,2773235200.0
653,SENX.BK,1256193024.0
654,SFLEX.BK,2162192128.0
655,SFT.BK,1012000000.0
656,SGC.BK,6926410240.0
657,SGF.BK,301300000.0
658,SGP.BK,12313681920.0
659,SHANG.BK,6565000192.0
660,SHR.BK,6216997376.0
661,SIAM.BK,444844352.0
662,SICT.BK,1334399616.0
663,SIMAT.BK,726392384.0
664,SINGER.BK,6113266688.0
665,SINO.BK,1123200000.0
666,SIRI.BK,27354458112.0
667,SIRIP.BK,
668,SIS.BK,7494251008.0
669,SISB.BK,13630000128.0
670,SITHAI.BK,2847697664.0
671,SJWD.BK,18298216448.0
672,SK.BK,280600000.0
673,SKE.BK,256680000.0
674,SKN.BK,4560000000.0
675,SKR.BK,16284468224.0
676,SKY.BK,10615742464.0
677,SLM.BK,10246200.0
678,SLP.BK,528000000.0
679,SM.BK,1001000000.0
680,SMART.BK,604110592.0
681,SMD.BK,
682,SMIT.BK,1961000064.0
683,SMK.BK,
684,SMPC.BK,4819556864.0
685,SMT.BK,1252703488.0
686,SNC.BK,2190259456.0
687,SNNP.BK,8685048832.0
688,SNP.BK,5080772096.0
689,SO.BK,2152198144.0
690,SOLAR.BK,522848320.0
691,SONIC.BK,1151871488.0
692,SORKON.BK,1244809856.0
693,SPA.BK,4386146816.0
694,SPACK.BK,423000000.0
695,SPALI.BK,34400800768.0
696,SPC.BK,19057500160.0
697,SPCG.BK,8868635648.0
698,SPG.BK,4416000000.0
699,SPI.BK,37318426624.0
700,SPRC.BK,21896296448.0
701,SPREME.BK,1058199936.0
702,SPRIME.BK,1572560000.0
703,SPVI.BK,888000000.0
704,SQ.BK,597563136.0
705,SR.BK,318049024.0
706,SRICHA.BK,2819899136.0
707,SRIPANWA.BK,1384157440.0
708,SRS.BK,425600000.0
709,SSC.BK,
710,SSF.BK,1471494528.0
711,SSP.BK,4919949312.0
712,SSPF.BK,617900032.0
713,SSSC.BK,1343995520.0
714,SST.BK,858124160.0
715,SSTRT.BK,844883008.0
716,STA.BK,20582400000.0
717,STANLY.BK,13984062464.0
718,STC.BK,227200000.0
719,STEC.BK,
720,STECH.BK,812000000.0
721,STGT.BK,19769741312.0
722,STHAI.BK,163386000.0
723,STI.BK,1350713472.0
724,STOWER.BK,184868768.0
725,STP.BK,1160000000.0
726,STPI.BK,9151975424.0
727,STX.BK,420774400.0
728,SUC.BK,8924999680.0
729,SUN.BK,2708988160.0
730,SUPER.BK,4102421248.0
731,SUSCO.BK,2469999616.0
732,SUTHA.BK,913230464.0
733,SVI.BK,12919261184.0
734,SVOA.BK,1212074752.0
735,SVR.BK,275400000.0
736,SVT.BK,952000000.0
737,SWC.BK,1965004928.0
738,SYMC.BK,1916754560.0
739,SYNEX.BK,10676751360.0
740,SYNTEC.BK,3130271488.0
741,TACC.BK,2928000000.0
742,TAE.BK,590000000.0
743,TAKUNI.BK,432000160.0
744,TAN.BK,1286560000.0
745,TAPAC.BK,222406736.0
746,TASCO.BK,24464605184.0
747,TBN.BK,478000032.0
748,TC.BK,1732499968.0
749,TCAP.BK,52954550272.0
750,TCC.BK,474487072.0
751,TCJ.BK,289333056.0
752,TCMC.BK,366336544.0
753,TCOAT.BK,259350016.0
754,TEAM.BK,1490728192.0
755,TEAMG.BK,2584569344.0
756,TEGH.BK,3628800000.0
757,TEKA.BK,525000000.0
758,TERA.BK,276000000.0
759,TFG.BK,31445411840.0
760,TFI.BK,1514360192.0
761,TFM.BK,5900000256.0
762,TFMAMA.BK,64292278272.0
763,TGE.BK,3717303040.0
764,TGH.BK,9025171456.0
765,TGPRO.BK,283167584.0
766,TH.BK,569057152.0
767,THAI.BK,410397736960.0
768,THANA.BK,271827520.0
769,THANI.BK,11399671808.0
770,THCOM.BK,11509070848.0
771,THE.BK,958793472.0
772,THG.BK,9515522048.0
773,THIP.BK,2317491968.0
774,THMUI.BK,132599992.0
775,THRE.BK,1938897280.0
776,THREL.BK,787400000.0
777,TIDLOR.BK,59076964352.0
778,TIF1.BK,643500032.0
779,TIGER.BK,193200000.0
780,TIPCO.BK,4126056192.0
781,TIPH.BK,13609294848.0
782,TISCO.BK,79864397824.0
783,TITLE.BK,3222068992.0
784,TK.BK,2450000128.0
785,TKC.BK,3800000000.0
786,TKN.BK,8462999552.0
787,TKS.BK,3022845440.0
788,TKT.BK,399889184.0
789,TLHPF.BK,681120000.0
790,TLI.BK,122515005440.0
791,TM.BK,332640224.0
792,TMC.BK,362452000.0
793,TMD.BK,3900000000.0
794,TMI.BK,409580064.0
795,TMILL.BK,893007488.0
796,TMT.BK,2734180352.0
797,TMW.BK,2144625024.0
798,TNDT.BK,259737424.0
799,TNH.BK,5849999872.0
800,TNITY.BK,583181184.0
801,TNL.BK,8834057216.0
802,TNP.BK,2560000000.0
803,TNPC.BK,316956960.0
804,TNPF.BK,207936272.0
805,TNR.BK,2024999936.0
806,TOA.BK,28303333376.0
807,TOG.BK,3462521600.0
808,TOP.BK,82651914240.0
809,TOPP.BK,831000000.0
810,TPA.BK,349920000.0
811,TPAC.BK,2661382144.0
812,TPBI.BK,1250639744.0
813,TPCH.BK,1171504000.0
814,TPCS.BK,1274400000.0
815,TPIPL.BK,15148187648.0
816,TPIPP.BK,18816000000.0
817,TPL.BK,340600000.0
818,TPLAS.BK,259200000.0
819,TPOLY.BK,280652160.0
820,TPP.BK,431249984.0
821,TPRIME.BK,3887250176.0
822,TPS.BK,1418585216.0
823,TQM.BK,8669010944.0
824,TQR.BK,1264999936.0
825,TR.BK,5292000256.0
826,TRC.BK,950451712.0
827,TRITN.BK,875871552.0
828,TRP.BK,1912800768.0
829,TRT.BK,973306112.0
830,TRU.BK,2714059264.0
831,TRUBB.BK,678753920.0
832,TRUE.BK,393893904384.0
833,TRV.BK,475200000.0
834,TSC.BK,3611219968.0
835,TSE.BK,1142216832.0
836,TSI.BK,95145688.0
837,TSTE.BK,4178266112.0
838,TSTH.BK,6231940096.0
839,TTA.BK,8846299136.0
840,TTB.BK,177431494656.0
841,TTCL.BK,486640064.0
842,TTI.BK,1350000000.0
843,TTLPF.BK,1926000000.0
844,TTT.BK,2834160128.0
845,TTW.BK,36309004288.0
846,TU-PF.BK,86510896.0
847,TU.BK,47803162624.0
848,TURTLE.BK,10252593152.0
849,TVDH.BK,157713184.0
850,TVH.BK,2728066816.0
851,TVO.BK,22903883776.0
852,TVT.BK,248009328.0
853,TWP.BK,325683552.0
854,TWPC.BK,2007359744.0
855,TWZ.BK,595827136.0
856,TYCN.BK,1056245568.0
857,UAC.BK,1989466496.0
858,UBA.BK,564000000.0
859,UBE.BK,2074571520.0
860,UBIS.BK,342000320.0
861,UEC.BK,462113568.0
862,UKEM.BK,780409600.0
863,UMI.BK,761219392.0
864,UMS.BK,620970816.0
865,UNIQ.BK,3610594048.0
866,UOBKH.BK,2688099840.0
867,UP.BK,542500032.0
868,UPF.BK,195000000.0
869,UPOIC.BK,2122527488.0
870,UREKA.BK,978754816.0
871,UTP.BK,5070000128.0
872,UV.BK,2122238464.0
873,UVAN.BK,11091999744.0
874,VARO.BK,489520384.0
875,VCOM.BK,908735360.0
876,VGI.BK,40303456256.0
877,VIBHA.BK,19822665728.0
878,VIH.BK,4684444160.0
879,VL.BK,1065263808.0
880,VNG.BK,3678703360.0
881,VPO.BK,554600000.0
882,VRANDA.BK,1432173824.0
883,W.BK,
884,WACOAL.BK,2256000000.0
885,WARRIX.BK,1319539200.0
886,WAVE.BK,458253664.0
887,WELL.BK,
888,WFX.BK,454916000.0
889,WGE.BK,510000000.0
890,WHA.BK,57096904704.0
891,WHABT.BK,1201899904.0
892,WHAIR.BK,6458717184.0
893,WHART.BK,34341390336.0
894,WHAUP.BK,15911999488.0
895,WICE.BK,1999918336.0
896,WIIK.BK,837683072.0
897,WIN.BK,224457600.0
898,WINDOW.BK,790320000.0
899,WINMED.BK,544000000.0
900,WINNER.BK,1271946240.0
901,WORK.BK,1881047808.0
902,WP.BK,1990969472.0
903,WPH.BK,4795849216.0
904,XO.BK,7109183488.0
905,XPG.BK,5778103296.0
906,YGG.BK,319058496.0
907,YONG.BK,612000000.0
908,YUASA.BK,1248450048.0
909,ZAA.BK,1280617344.0
910,ZEN.BK,2027654784.0
911,ZIGA.BK,929033856.0
912,^SET.BK,
